Datetime,Party,Odds
2023-10-27 11:59:51.146121,Labor,1.60 
2023-10-27 11:59:51.146121,Coalition,2.40
2023-10-27 11:59:51.146121,Any Other Party,101.00
2023-10-28 11:58:06.782950,Labor,1.60
2023-10-28 11:58:06.782950,Coalition,2.40
2023-10-28 11:58:06.782950,Any Other Party,101.00
2023-10-29 11:57:08.458074,Labor,1.60
2023-10-29 11:57:08.458074,Coalition,2.40
2023-10-29 11:57:08.458074,Any Other Party,101.00
2023-10-30 11:57:06.284029,Labor,1.60
2023-10-30 11:57:06.284029,Coalition,2.40
2023-10-30 11:57:06.284029,Any Other Party,101.00
2023-10-31 11:57:06.321868,Labor,1.60
2023-10-31 11:57:06.321868,Coalition,2.40
2023-10-31 11:57:06.321868,Any Other Party,101.00
2023-11-01 11:57:07.121333,Labor,1.60
2023-11-01 11:57:07.121333,Coalition,2.40
2023-11-01 11:57:07.121333,Any Other Party,101.00
2023-11-02 11:57:07.993440,Labor,1.60
2023-11-02 11:57:07.993440,Coalition,2.40
2023-11-02 11:57:07.993440,Any Other Party,101.00
2023-11-03 11:57:13.037162,Labor,1.60
2023-11-03 11:57:13.037162,Coalition,2.40
2023-11-03 11:57:13.037162,Any Other Party,101.00
2023-11-04 11:57:07.990140,Labor,1.60
2023-11-04 11:57:07.990140,Coalition,2.40
2023-11-04 11:57:07.990140,Any Other Party,101.00
2023-11-05 11:57:08.608003,Labor,1.60
2023-11-05 11:57:08.608003,Coalition,2.40
2023-11-05 11:57:08.608003,Any Other Party,101.00
2023-11-06 11:57:08.321045,Labor,1.60
2023-11-06 11:57:08.321045,Coalition,2.40
2023-11-06 11:57:08.321045,Any Other Party,101.00
2023-11-07 11:57:09.191184,Labor,1.60
2023-11-07 11:57:09.191184,Coalition,2.40
2023-11-07 11:57:09.191184,Any Other Party,101.00
2023-11-08 11:57:09.197032,Labor,1.60
2023-11-08 11:57:09.197032,Coalition,2.40
2023-11-08 11:57:09.197032,Any Other Party,101.00
2023-11-09 11:57:08.132800,Labor,1.60
2023-11-09 11:57:08.132800,Coalition,2.40
2023-11-09 11:57:08.132800,Any Other Party,101.00
2023-11-10 11:57:09.436487,Labor,1.60
2023-11-10 11:57:09.436487,Coalition,2.40
2023-11-10 11:57:09.436487,Any Other Party,101.00
2023-11-11 11:57:16.166272,Labor,1.60
2023-11-11 11:57:16.166272,Coalition,2.40
2023-11-11 11:57:16.166272,Any Other Party,101.00
2023-11-12 11:57:07.032953,Labor,1.60
2023-11-12 11:57:07.032953,Coalition,2.40
2023-11-12 11:57:07.032953,Any Other Party,101.00
2023-11-13 11:57:11.973333,Labor,1.60
2023-11-13 11:57:11.973333,Coalition,2.40
2023-11-13 11:57:11.973333,Any Other Party,101.00
2023-11-14 11:57:13.048753,Labor,1.60
2023-11-14 11:57:13.048753,Coalition,2.40
2023-11-14 11:57:13.048753,Any Other Party,101.00
2023-11-15 11:57:08.950336,Labor,1.60
2023-11-15 11:57:08.950336,Coalition,2.40
2023-11-15 11:57:08.950336,Any Other Party,101.00
2023-11-16 11:57:09.939462,Labor,1.60
2023-11-16 11:57:09.939462,Coalition,2.40
2023-11-16 11:57:09.939462,Any Other Party,101.00
2023-11-17 11:57:14.814442,Labor,1.60
2023-11-17 11:57:14.814442,Coalition,2.40
2023-11-17 11:57:14.814442,Any Other Party,101.00
2023-11-18 11:57:08.410335,Labor,1.60
2023-11-18 11:57:08.410335,Coalition,2.40
2023-11-18 11:57:08.410335,Any Other Party,101.00
2023-11-19 11:57:09.733606,Labor,1.60
2023-11-19 11:57:09.733606,Coalition,2.40
2023-11-19 11:57:09.733606,Any Other Party,101.00
2023-11-20 11:57:09.615912,Labor,1.60
2023-11-20 11:57:09.615912,Coalition,2.40
2023-11-20 11:57:09.615912,Any Other Party,101.00
2023-11-21 11:57:09.586794,Labor,1.60
2023-11-21 11:57:09.586794,Coalition,2.40
2023-11-21 11:57:09.586794,Any Other Party,101.00
2023-11-22 11:57:07.357118,Labor,1.60
2023-11-22 11:57:07.357118,Coalition,2.40
2023-11-22 11:57:07.357118,Any Other Party,101.00
2023-11-23 11:57:10.416578,Labor,1.75
2023-11-23 11:57:10.416578,Coalition,2.10
2023-11-23 11:57:10.416578,Any Other Party,101.00
2023-11-24 11:57:10.131134,Labor,1.75
2023-11-24 11:57:10.131134,Coalition,2.10
2023-11-24 11:57:10.131134,Any Other Party,101.00
2023-11-25 11:57:09.730689,Labor,1.75
2023-11-25 11:57:09.730689,Coalition,2.10
2023-11-25 11:57:09.730689,Any Other Party,101.00
2023-11-26 11:57:10.415880,Labor,1.75
2023-11-26 11:57:10.415880,Coalition,2.10
2023-11-26 11:57:10.415880,Any Other Party,101.00
2023-11-27 11:57:10.409928,Labor,1.75
2023-11-27 11:57:10.409928,Coalition,2.10
2023-11-27 11:57:10.409928,Any Other Party,101.00
2023-11-28 11:57:11.082917,Labor,1.75
2023-11-28 11:57:11.082917,Coalition,2.10
2023-11-28 11:57:11.082917,Any Other Party,101.00
2023-11-29 11:57:09.315322,Labor,1.75
2023-11-29 11:57:09.315322,Coalition,2.10
2023-11-29 11:57:09.315322,Any Other Party,101.00
2023-11-30 11:57:11.328930,Labor,1.75
2023-11-30 11:57:11.328930,Coalition,2.10
2023-11-30 11:57:11.328930,Any Other Party,101.00
2023-12-01 11:57:14.005528,Labor,1.75
2023-12-01 11:57:14.005528,Coalition,2.10
2023-12-01 11:57:14.005528,Any Other Party,101.00
2023-12-02 11:57:12.064442,Labor,1.75
2023-12-02 11:57:12.064442,Coalition,2.10
2023-12-02 11:57:12.064442,Any Other Party,101.00
2023-12-03 11:57:11.098106,Labor,1.75
2023-12-03 11:57:11.098106,Coalition,2.10
2023-12-03 11:57:11.098106,Any Other Party,101.00
2023-12-04 11:57:12.121728,Labor,1.75
2023-12-04 11:57:12.121728,Coalition,2.10
2023-12-04 11:57:12.121728,Any Other Party,101.00
2023-12-05 11:57:10.181982,Labor,1.75
2023-12-05 11:57:10.181982,Coalition,2.10
2023-12-05 11:57:10.181982,Any Other Party,101.00
2023-12-06 11:57:11.094651,Labor,1.75
2023-12-06 11:57:11.094651,Coalition,2.10
2023-12-06 11:57:11.094651,Any Other Party,101.00
2023-12-07 11:57:12.750215,Labor,1.75
2023-12-07 11:57:12.750215,Coalition,2.10
2023-12-07 11:57:12.750215,Any Other Party,101.00
2023-12-08 11:57:09.725910,Labor,1.75
2023-12-08 11:57:09.725910,Coalition,2.10
2023-12-08 11:57:09.725910,Any Other Party,101.00
2023-12-09 11:57:15.913791,Labor,1.75
2023-12-09 11:57:15.913791,Coalition,2.10
2023-12-09 11:57:15.913791,Any Other Party,101.00
2023-12-10 11:57:12.609293,Labor,1.75
2023-12-10 11:57:12.609293,Coalition,2.10
2023-12-10 11:57:12.609293,Any Other Party,101.00
2023-12-11 11:57:08.699031,Labor,1.75
2023-12-11 11:57:08.699031,Coalition,2.10
2023-12-11 11:57:08.699031,Any Other Party,101.00
2023-12-12 11:57:09.796506,Labor,1.85
2023-12-12 11:57:09.796506,Coalition,2.00
2023-12-12 11:57:09.796506,Any Other Party,101.00
2023-12-13 11:57:13.173706,Labor,1.85
2023-12-13 11:57:13.173706,Coalition,2.00
2023-12-13 11:57:13.173706,Any Other Party,101.00
2023-12-14 11:57:16.327679,Labor,1.85
2023-12-14 11:57:16.327679,Coalition,2.00
2023-12-14 11:57:16.327679,Any Other Party,101.00
2023-12-15 11:57:13.606614,Labor,1.85
2023-12-15 11:57:13.606614,Coalition,2.00
2023-12-15 11:57:13.606614,Any Other Party,101.00
2023-12-16 11:57:08.478290,Labor,1.85
2023-12-16 11:57:08.478290,Coalition,2.00
2023-12-16 11:57:08.478290,Any Other Party,101.00
2023-12-17 11:57:11.511162,Labor,1.85
2023-12-17 11:57:11.511162,Coalition,2.00
2023-12-17 11:57:11.511162,Any Other Party,101.00
2023-12-18 11:57:09.219197,Labor,1.85
2023-12-18 11:57:09.219197,Coalition,2.00
2023-12-18 11:57:09.219197,Any Other Party,101.00
2023-12-19 11:57:08.398955,Labor,1.85
2023-12-19 11:57:08.398955,Coalition,2.00
2023-12-19 11:57:08.398955,Any Other Party,101.00
2023-12-20 11:57:09.199707,Labor,1.70
2023-12-20 11:57:09.199707,Coalition,2.20
2023-12-20 11:57:09.199707,Any Other Party,101.00
2023-12-21 11:57:08.022822,Labor,1.70
2023-12-21 11:57:08.022822,Coalition,2.20
2023-12-21 11:57:08.022822,Any Other Party,101.00
2023-12-22 11:57:06.103742,Labor,1.70
2023-12-22 11:57:06.103742,Coalition,2.20
2023-12-22 11:57:06.103742,Any Other Party,101.00
2023-12-23 11:57:06.930938,Labor,1.70
2023-12-23 11:57:06.930938,Coalition,2.20
2023-12-23 11:57:06.930938,Any Other Party,101.00
2023-12-24 11:57:07.320731,Labor,1.70
2023-12-24 11:57:07.320731,Coalition,2.20
2023-12-24 11:57:07.320731,Any Other Party,101.00
2023-12-25 11:57:09.891055,Labor,1.70
2023-12-25 11:57:09.891055,Coalition,2.20
2023-12-25 11:57:09.891055,Any Other Party,101.00
2023-12-26 11:57:07.889503,Labor,1.70
2023-12-26 11:57:07.889503,Coalition,2.20
2023-12-26 11:57:07.889503,Any Other Party,101.00
2023-12-27 11:57:10.449295,Labor,1.70
2023-12-27 11:57:10.449295,Coalition,2.20
2023-12-27 11:57:10.449295,Any Other Party,101.00
2023-12-28 11:57:07.954691,Labor,1.70
2023-12-28 11:57:07.954691,Coalition,2.20
2023-12-28 11:57:07.954691,Any Other Party,101.00
2023-12-29 11:57:07.674569,Labor,1.70
2023-12-29 11:57:07.674569,Coalition,2.20
2023-12-29 11:57:07.674569,Any Other Party,101.00
2023-12-30 11:57:07.310355,Labor,1.70
2023-12-30 11:57:07.310355,Coalition,2.20
2023-12-30 11:57:07.310355,Any Other Party,101.00
2023-12-31 11:57:07.500109,Labor,1.70
2023-12-31 11:57:07.500109,Coalition,2.20
2023-12-31 11:57:07.500109,Any Other Party,101.00
2024-01-01 11:57:07.564032,Labor,1.70
2024-01-01 11:57:07.564032,Coalition,2.20
2024-01-01 11:57:07.564032,Any Other Party,101.00
2024-01-02 11:57:06.292404,Labor,1.70
2024-01-02 11:57:06.292404,Coalition,2.20
2024-01-02 11:57:06.292404,Any Other Party,101.00
2024-01-03 11:57:07.208108,Labor,1.70
2024-01-03 11:57:07.208108,Coalition,2.20
2024-01-03 11:57:07.208108,Any Other Party,101.00
2024-01-04 11:57:08.034924,Labor,1.70
2024-01-04 11:57:08.034924,Coalition,2.20
2024-01-04 11:57:08.034924,Any Other Party,101.00
2024-01-05 11:57:10.936813,Labor,1.70
2024-01-05 11:57:10.936813,Coalition,2.20
2024-01-05 11:57:10.936813,Any Other Party,101.00
2024-01-06 11:57:12.003334,Labor,1.70
2024-01-06 11:57:12.003334,Coalition,2.20
2024-01-06 11:57:12.003334,Any Other Party,101.00
2024-01-07 11:57:07.800519,Labor,1.70
2024-01-07 11:57:07.800519,Coalition,2.20
2024-01-07 11:57:07.800519,Any Other Party,101.00
2024-01-08 11:57:07.812902,Labor,1.70
2024-01-08 11:57:07.812902,Coalition,2.20
2024-01-08 11:57:07.812902,Any Other Party,101.00
2024-01-09 11:57:07.708666,Labor,1.70
2024-01-09 11:57:07.708666,Coalition,2.20
2024-01-09 11:57:07.708666,Any Other Party,101.00
2024-01-10 11:57:18.566181,Labor,1.75
2024-01-10 11:57:18.566181,Coalition,2.10
2024-01-10 11:57:18.566181,Any Other Party,101.00
2024-01-11 11:57:19.687439,Labor,1.75
2024-01-11 11:57:19.687439,Coalition,2.10
2024-01-11 11:57:19.687439,Any Other Party,101.00
2024-01-12 11:57:14.369822,Labor,1.75
2024-01-12 11:57:14.369822,Coalition,2.10
2024-01-12 11:57:14.369822,Any Other Party,101.00
2024-01-13 11:57:25.331963,Labor,1.75
2024-01-13 11:57:25.331963,Coalition,2.10
2024-01-13 11:57:25.331963,Any Other Party,101.00
2024-01-14 11:57:10.078651,Labor,1.75
2024-01-14 11:57:10.078651,Coalition,2.10
2024-01-14 11:57:10.078651,Any Other Party,101.00
2024-01-15 11:57:11.219499,Labor,1.75
2024-01-15 11:57:11.219499,Coalition,2.10
2024-01-15 11:57:11.219499,Any Other Party,101.00
2024-01-16 11:57:12.216004,Labor,1.75
2024-01-16 11:57:12.216004,Coalition,2.10
2024-01-16 11:57:12.216004,Any Other Party,101.00
2024-01-17 11:57:11.000136,Labor,1.75
2024-01-17 11:57:11.000136,Coalition,2.10
2024-01-17 11:57:11.000136,Any Other Party,101.00
2024-01-18 11:57:17.130652,Labor,1.75
2024-01-18 11:57:17.130652,Coalition,2.10
2024-01-18 11:57:17.130652,Any Other Party,101.00
2024-01-19 11:57:30.639364,Labor,1.75
2024-01-19 11:57:30.639364,Coalition,2.10
2024-01-19 11:57:30.639364,Any Other Party,101.00
2024-01-20 11:57:18.698025,Labor,1.55
2024-01-20 11:57:18.698025,Coalition,2.50
2024-01-20 11:57:18.698025,Any Other Party,101.00
2024-01-21 11:57:15.621312,Labor,1.55
2024-01-21 11:57:15.621312,Coalition,2.50
2024-01-21 11:57:15.621312,Any Other Party,101.00
2024-01-22 11:57:11.721362,Labor,1.55
2024-01-22 11:57:11.721362,Coalition,2.50
2024-01-22 11:57:11.721362,Any Other Party,101.00
2024-01-23 11:57:16.456944,Labor,1.55
2024-01-23 11:57:16.456944,Coalition,2.50
2024-01-23 11:57:16.456944,Any Other Party,101.00
2024-01-24 11:57:18.426135,Labor,1.55
2024-01-24 11:57:18.426135,Coalition,2.50
2024-01-24 11:57:18.426135,Any Other Party,101.00
2024-01-25 11:57:19.665968,Labor,1.55
2024-01-25 11:57:19.665968,Coalition,2.50
2024-01-25 11:57:19.665968,Any Other Party,101.00
2024-01-26 11:57:20.510254,Labor,1.55
2024-01-26 11:57:20.510254,Coalition,2.50
2024-01-26 11:57:20.510254,Any Other Party,101.00
2024-01-27 11:57:24.423010,Labor,1.55
2024-01-27 11:57:24.423010,Coalition,2.50
2024-01-27 11:57:24.423010,Any Other Party,101.00
2024-01-28 11:57:23.454679,Labor,1.55
2024-01-28 11:57:23.454679,Coalition,2.50
2024-01-28 11:57:23.454679,Any Other Party,101.00
2024-01-29 11:57:23.108666,Labor,1.55
2024-01-29 11:57:23.108666,Coalition,2.50
2024-01-29 11:57:23.108666,Any Other Party,101.00
2024-01-30 11:57:23.608940,Labor,1.55
2024-01-30 11:57:23.608940,Coalition,2.50
2024-01-30 11:57:23.608940,Any Other Party,101.00
2024-01-31 11:57:19.115170,Labor,1.55
2024-01-31 11:57:19.115170,Coalition,2.50
2024-01-31 11:57:19.115170,Any Other Party,101.00
2024-02-01 11:57:21.181424,Labor,1.55
2024-02-01 11:57:21.181424,Coalition,2.50
2024-02-01 11:57:21.181424,Any Other Party,101.00
2024-02-02 11:57:10.963544,Labor,1.55
2024-02-02 11:57:10.963544,Coalition,2.50
2024-02-02 11:57:10.963544,Any Other Party,101.00
2024-02-03 11:57:24.043914,Labor,1.55
2024-02-03 11:57:24.043914,Coalition,2.50
2024-02-03 11:57:24.043914,Any Other Party,101.00
2024-02-04 11:57:27.871536,Labor,1.55
2024-02-04 11:57:27.871536,Coalition,2.50
2024-02-04 11:57:27.871536,Any Other Party,101.00
2024-02-05 11:57:16.862325,Labor,1.55
2024-02-05 11:57:16.862325,Coalition,2.50
2024-02-05 11:57:16.862325,Any Other Party,101.00
2024-02-06 11:57:15.721358,Labor,1.55
2024-02-06 11:57:15.721358,Coalition,2.50
2024-02-06 11:57:15.721358,Any Other Party,101.00
2024-02-07 11:57:30.952095,Labor,1.55
2024-02-07 11:57:30.952095,Coalition,2.50
2024-02-07 11:57:30.952095,Any Other Party,101.00
2024-02-08 11:57:18.640377,Labor,1.55
2024-02-08 11:57:18.640377,Coalition,2.50
2024-02-08 11:57:18.640377,Any Other Party,101.00
2024-02-09 11:57:15.598592,Labor,1.55
2024-02-09 11:57:15.598592,Coalition,2.50
2024-02-09 11:57:15.598592,Any Other Party,101.00
2024-02-10 11:57:13.638758,Labor,1.55
2024-02-10 11:57:13.638758,Coalition,2.50
2024-02-10 11:57:13.638758,Any Other Party,101.00
2024-02-11 11:57:12.492856,Labor,1.55
2024-02-11 11:57:12.492856,Coalition,2.50
2024-02-11 11:57:12.492856,Any Other Party,101.00
2024-02-12 11:57:21.440691,Labor,1.55
2024-02-12 11:57:21.440691,Coalition,2.50
2024-02-12 11:57:21.440691,Any Other Party,101.00
2024-02-13 11:57:22.373758,Labor,1.55
2024-02-13 11:57:22.373758,Coalition,2.50
2024-02-13 11:57:22.373758,Any Other Party,101.00
2024-02-14 11:57:17.525780,Labor,1.55
2024-02-14 11:57:17.525780,Coalition,2.50
2024-02-14 11:57:17.525780,Any Other Party,101.00
2024-02-15 11:57:15.356769,Labor,1.55
2024-02-15 11:57:15.356769,Coalition,2.50
2024-02-15 11:57:15.356769,Any Other Party,101.00
2024-02-16 11:57:16.888818,Labor,1.55
2024-02-16 11:57:16.888818,Coalition,2.50
2024-02-16 11:57:16.888818,Any Other Party,101.00
2024-02-17 11:57:13.848193,Labor,1.55
2024-02-17 11:57:13.848193,Coalition,2.50
2024-02-17 11:57:13.848193,Any Other Party,101.00
2024-02-18 11:57:08.858913,Labor,1.55
2024-02-18 11:57:08.858913,Coalition,2.50
2024-02-18 11:57:08.858913,Any Other Party,101.00
2024-02-19 11:57:09.839140,Labor,1.55
2024-02-19 11:57:09.839140,Coalition,2.50
2024-02-19 11:57:09.839140,Any Other Party,101.00
2024-02-20 11:57:09.650840,Labor,1.55
2024-02-20 11:57:09.650840,Coalition,2.50
2024-02-20 11:57:09.650840,Any Other Party,101.00
2024-02-21 11:57:09.594580,Labor,1.55
2024-02-21 11:57:09.594580,Coalition,2.50
2024-02-21 11:57:09.594580,Any Other Party,101.00
2024-02-22 11:57:12.289264,Labor,1.55
2024-02-22 11:57:12.289264,Coalition,2.50
2024-02-22 11:57:12.289264,Any Other Party,101.00
2024-02-23 11:57:10.271231,Labor,1.55
2024-02-23 11:57:10.271231,Coalition,2.50
2024-02-23 11:57:10.271231,Any Other Party,101.00
2024-02-24 11:57:11.522983,Labor,1.55
2024-02-24 11:57:11.522983,Coalition,2.50
2024-02-24 11:57:11.522983,Any Other Party,101.00
2024-02-25 11:57:12.384398,Labor,1.55
2024-02-25 11:57:12.384398,Coalition,2.50
2024-02-25 11:57:12.384398,Any Other Party,101.00
2024-02-26 11:57:12.043294,Labor,1.55
2024-02-26 11:57:12.043294,Coalition,2.50
2024-02-26 11:57:12.043294,Any Other Party,101.00
2024-02-27 11:57:21.926555,Labor,1.55
2024-02-27 11:57:21.926555,Coalition,2.50
2024-02-27 11:57:21.926555,Any Other Party,101.00
2024-02-28 11:57:10.529535,Labor,1.55
2024-02-28 11:57:10.529535,Coalition,2.50
2024-02-28 11:57:10.529535,Any Other Party,101.00
2024-02-29 11:57:14.399970,Labor,1.55
2024-02-29 11:57:14.399970,Coalition,2.50
2024-02-29 11:57:14.399970,Any Other Party,101.00
2024-03-01 11:57:17.398712,Labor,1.55
2024-03-01 11:57:17.398712,Coalition,2.50
2024-03-01 11:57:17.398712,Any Other Party,101.00
2024-03-02 11:57:20.588874,Labor,1.55
2024-03-02 11:57:20.588874,Coalition,2.50
2024-03-02 11:57:20.588874,Any Other Party,101.00
2024-03-03 11:57:22.639031,Labor,1.55
2024-03-03 11:57:22.639031,Coalition,2.50
2024-03-03 11:57:22.639031,Any Other Party,101.00
2024-03-04 11:57:22.544181,Labor,1.55
2024-03-04 11:57:22.544181,Coalition,2.50
2024-03-04 11:57:22.544181,Any Other Party,101.00
2024-03-05 11:57:19.477740,Labor,1.55
2024-03-05 11:57:19.477740,Coalition,2.50
2024-03-05 11:57:19.477740,Any Other Party,101.00
2024-03-06 11:57:27.638488,Labor,1.50
2024-03-06 11:57:27.638488,Coalition,2.65
2024-03-06 11:57:27.638488,Any Other Party,101.00
2024-03-07 11:57:21.411416,Labor,1.50
2024-03-07 11:57:21.411416,Coalition,2.65
2024-03-07 11:57:21.411416,Any Other Party,101.00
2024-03-08 11:57:24.308938,Labor,1.50
2024-03-08 11:57:24.308938,Coalition,2.65
2024-03-08 11:57:24.308938,Any Other Party,101.00
2024-03-09 11:57:24.222797,Labor,1.50
2024-03-09 11:57:24.222797,Coalition,2.65
2024-03-09 11:57:24.222797,Any Other Party,101.00
2024-03-10 11:57:21.171076,Labor,1.50
2024-03-10 11:57:21.171076,Coalition,2.65
2024-03-10 11:57:21.171076,Any Other Party,101.00
2024-03-11 11:57:20.106550,Labor,1.50
2024-03-11 11:57:20.106550,Coalition,2.65
2024-03-11 11:57:20.106550,Any Other Party,101.00
2024-03-12 11:57:14.048269,Labor,1.50
2024-03-12 11:57:14.048269,Coalition,2.65
2024-03-12 11:57:14.048269,Any Other Party,101.00
2024-03-13 11:57:27.232305,Labor,1.50
2024-03-13 11:57:27.232305,Coalition,2.65
2024-03-13 11:57:27.232305,Any Other Party,101.00
2024-03-14 11:57:11.979409,Labor,1.50
2024-03-14 11:57:11.979409,Coalition,2.65
2024-03-14 11:57:11.979409,Any Other Party,101.00
2024-03-15 11:57:13.711082,Labor,1.50
2024-03-15 11:57:13.711082,Coalition,2.65
2024-03-15 11:57:13.711082,Any Other Party,101.00
2024-03-16 11:57:11.034831,Labor,1.50
2024-03-16 11:57:11.034831,Coalition,2.65
2024-03-16 11:57:11.034831,Any Other Party,101.00
2024-03-17 11:57:10.698731,Labor,1.50
2024-03-17 11:57:10.698731,Coalition,2.65
2024-03-17 11:57:10.698731,Any Other Party,101.00
2024-03-18 11:57:09.604477,Labor,1.50
2024-03-18 11:57:09.604477,Coalition,2.65
2024-03-18 11:57:09.604477,Any Other Party,101.00
2024-03-19 11:57:13.653372,Labor,1.50
2024-03-19 11:57:13.653372,Coalition,2.65
2024-03-19 11:57:13.653372,Any Other Party,101.00
2024-03-20 11:57:15.466597,Labor,1.50
2024-03-20 11:57:15.466597,Coalition,2.65
2024-03-20 11:57:15.466597,Any Other Party,101.00
2024-03-21 11:57:17.493912,Labor,1.50
2024-03-21 11:57:17.493912,Coalition,2.65
2024-03-21 11:57:17.493912,Any Other Party,101.00
2024-03-22 11:57:16.264951,Labor,1.50
2024-03-22 11:57:16.264951,Coalition,2.65
2024-03-22 11:57:16.264951,Any Other Party,101.00
2024-03-23 11:57:15.379500,Labor,1.50
2024-03-23 11:57:15.379500,Coalition,2.65
2024-03-23 11:57:15.379500,Any Other Party,101.00
2024-03-24 11:57:25.914371,Labor,1.50
2024-03-24 11:57:25.914371,Coalition,2.65
2024-03-24 11:57:25.914371,Any Other Party,101.00
2024-03-25 11:57:10.714399,Labor,1.50
2024-03-25 11:57:10.714399,Coalition,2.65
2024-03-25 11:57:10.714399,Any Other Party,101.00
2024-03-26 11:57:23.483991,Labor,1.50
2024-03-26 11:57:23.483991,Coalition,2.65
2024-03-26 11:57:23.483991,Any Other Party,101.00
2024-03-27 11:57:12.482750,Labor,1.50
2024-03-27 11:57:12.482750,Coalition,2.65
2024-03-27 11:57:12.482750,Any Other Party,101.00
2024-03-28 11:57:20.412081,Labor,1.50
2024-03-28 11:57:20.412081,Coalition,2.65
2024-03-28 11:57:20.412081,Any Other Party,101.00
2024-03-29 11:57:24.196451,Labor,1.50
2024-03-29 11:57:24.196451,Coalition,2.65
2024-03-29 11:57:24.196451,Any Other Party,101.00
2024-03-30 11:57:13.686517,Labor,1.50
2024-03-30 11:57:13.686517,Coalition,2.65
2024-03-30 11:57:13.686517,Any Other Party,101.00
2024-03-31 11:57:16.808616,Labor,1.50
2024-03-31 11:57:16.808616,Coalition,2.65
2024-03-31 11:57:16.808616,Any Other Party,101.00
2024-04-01 11:57:22.907432,Labor,1.50
2024-04-01 11:57:22.907432,Coalition,2.65
2024-04-01 11:57:22.907432,Any Other Party,101.00
2024-04-02 11:57:21.848029,Labor,1.50
2024-04-02 11:57:21.848029,Coalition,2.65
2024-04-02 11:57:21.848029,Any Other Party,101.00
2024-04-03 11:57:17.666154,Labor,1.50
2024-04-03 11:57:17.666154,Coalition,2.65
2024-04-03 11:57:17.666154,Any Other Party,101.00
2024-04-04 11:57:25.704967,Labor,1.50
2024-04-04 11:57:25.704967,Coalition,2.65
2024-04-04 11:57:25.704967,Any Other Party,101.00
2024-04-05 11:57:17.334198,Labor,1.50
2024-04-05 11:57:17.334198,Coalition,2.65
2024-04-05 11:57:17.334198,Any Other Party,101.00
2024-04-06 11:57:18.441807,Labor,1.50
2024-04-06 11:57:18.441807,Coalition,2.65
2024-04-06 11:57:18.441807,Any Other Party,101.00
2024-04-07 11:57:17.166268,Labor,1.50
2024-04-07 11:57:17.166268,Coalition,2.65
2024-04-07 11:57:17.166268,Any Other Party,101.00
2024-04-08 11:57:17.220368,Labor,1.50
2024-04-08 11:57:17.220368,Coalition,2.65
2024-04-08 11:57:17.220368,Any Other Party,101.00
2024-04-09 11:57:19.503078,Labor,1.55
2024-04-09 11:57:19.503078,Coalition,2.50
2024-04-09 11:57:19.503078,Any Other Party,101.00
2024-04-10 11:57:16.129963,Labor,1.55
2024-04-10 11:57:16.129963,Coalition,2.50
2024-04-10 11:57:16.129963,Any Other Party,101.00
2024-04-11 11:57:20.353124,Labor,1.55
2024-04-11 11:57:20.353124,Coalition,2.50
2024-04-11 11:57:20.353124,Any Other Party,101.00
2024-04-12 11:57:21.157436,Labor,1.55
2024-04-12 11:57:21.157436,Coalition,2.50
2024-04-12 11:57:21.157436,Any Other Party,101.00
2024-04-13 11:57:20.590603,Labor,1.55
2024-04-13 11:57:20.590603,Coalition,2.50
2024-04-13 11:57:20.590603,Any Other Party,101.00
2024-04-14 11:57:19.336072,Labor,1.55
2024-04-14 11:57:19.336072,Coalition,2.50
2024-04-14 11:57:19.336072,Any Other Party,101.00
2024-04-15 11:57:14.249450,Labor,1.55
2024-04-15 11:57:14.249450,Coalition,2.50
2024-04-15 11:57:14.249450,Any Other Party,101.00
2024-04-16 11:57:18.217847,Labor,1.55
2024-04-16 11:57:18.217847,Coalition,2.50
2024-04-16 11:57:18.217847,Any Other Party,101.00
2024-04-17 11:57:16.818510,Labor,1.55
2024-04-17 11:57:16.818510,Coalition,2.50
2024-04-17 11:57:16.818510,Any Other Party,101.00
2024-04-18 11:57:17.318701,Labor,1.55
2024-04-18 11:57:17.318701,Coalition,2.50
2024-04-18 11:57:17.318701,Any Other Party,101.00
2024-04-19 11:57:34.497362,Labor,1.55
2024-04-19 11:57:34.497362,Coalition,2.50
2024-04-19 11:57:34.497362,Any Other Party,101.00
2024-04-20 11:57:21.411078,Labor,1.55
2024-04-20 11:57:21.411078,Coalition,2.50
2024-04-20 11:57:21.411078,Any Other Party,101.00
2024-04-21 11:57:19.754335,Labor,1.55
2024-04-21 11:57:19.754335,Coalition,2.50
2024-04-21 11:57:19.754335,Any Other Party,101.00
2024-04-22 11:57:20.358311,Labor,1.55
2024-04-22 11:57:20.358311,Coalition,2.50
2024-04-22 11:57:20.358311,Any Other Party,101.00
2024-04-23 11:57:25.317113,Labor,1.55
2024-04-23 11:57:25.317113,Coalition,2.50
2024-04-23 11:57:25.317113,Any Other Party,101.00
2024-04-24 11:57:20.230784,Labor,1.55
2024-04-24 11:57:20.230784,Coalition,2.50
2024-04-24 11:57:20.230784,Any Other Party,101.00
2024-04-25 11:57:32.187412,Labor,1.55
2024-04-25 11:57:32.187412,Coalition,2.50
2024-04-25 11:57:32.187412,Any Other Party,101.00
2024-04-26 11:57:21.869772,Labor,1.55
2024-04-26 11:57:21.869772,Coalition,2.50
2024-04-26 11:57:21.869772,Any Other Party,101.00
2024-04-27 11:57:25.337410,Labor,1.55
2024-04-27 11:57:25.337410,Coalition,2.50
2024-04-27 11:57:25.337410,Any Other Party,101.00
2024-04-28 11:57:19.440544,Labor,1.55
2024-04-28 11:57:19.440544,Coalition,2.50
2024-04-28 11:57:19.440544,Any Other Party,101.00
2024-04-29 11:57:17.513733,Labor,1.55
2024-04-29 11:57:17.513733,Coalition,2.50
2024-04-29 11:57:17.513733,Any Other Party,101.00
2024-04-30 11:57:21.107850,Labor,1.55
2024-04-30 11:57:21.107850,Coalition,2.50
2024-04-30 11:57:21.107850,Any Other Party,101.00
2024-05-01 11:57:28.631066,Labor,1.55
2024-05-01 11:57:28.631066,Coalition,2.50
2024-05-01 11:57:28.631066,Any Other Party,101.00
2024-05-02 11:57:18.987115,Labor,1.55
2024-05-02 11:57:18.987115,Coalition,2.50
2024-05-02 11:57:18.987115,Any Other Party,101.00
2024-05-02 15:04:27.224618,Labor,1.55
2024-05-02 15:04:27.224618,Coalition,2.50
2024-05-02 15:04:27.224618,Any Other Party,101.00
2024-05-03 11:57:24.311172,Labor,1.55
2024-05-03 11:57:24.311172,Coalition,2.50
2024-05-03 11:57:24.311172,Any Other Party,101.00
2024-05-04 11:57:25.224893,Labor,1.55
2024-05-04 11:57:25.224893,Coalition,2.50
2024-05-04 11:57:25.224893,Any Other Party,101.00
2024-05-05 11:57:20.139004,Labor,1.55
2024-05-05 11:57:20.139004,Coalition,2.50
2024-05-05 11:57:20.139004,Any Other Party,101.00
2024-05-06 11:57:18.003118,Labor,1.55
2024-05-06 11:57:18.003118,Coalition,2.50
2024-05-06 11:57:18.003118,Any Other Party,101.00
2024-05-07 11:57:19.413078,Labor,1.55
2024-05-07 11:57:19.413078,Coalition,2.50
2024-05-07 11:57:19.413078,Any Other Party,101.00
2024-05-08 11:57:17.114089,Labor,1.55
2024-05-08 11:57:17.114089,Coalition,2.50
2024-05-08 11:57:17.114089,Any Other Party,101.00
2024-05-09 11:57:19.070600,Labor,1.55
2024-05-09 11:57:19.070600,Coalition,2.50
2024-05-09 11:57:19.070600,Any Other Party,101.00
2024-05-10 11:57:27.233526,Labor,1.55
2024-05-10 11:57:27.233526,Coalition,2.50
2024-05-10 11:57:27.233526,Any Other Party,101.00
2024-05-11 11:57:35.921429,Labor,1.55
2024-05-11 11:57:35.921429,Coalition,2.50
2024-05-11 11:57:35.921429,Any Other Party,101.00
2024-05-12 11:57:32.157476,Labor,1.55
2024-05-12 11:57:32.157476,Coalition,2.50
2024-05-12 11:57:32.157476,Any Other Party,101.00
2024-05-13 11:57:21.174471,Labor,1.55
2024-05-13 11:57:21.174471,Coalition,2.50
2024-05-13 11:57:21.174471,Any Other Party,101.00
2024-05-14 11:57:31.209310,Labor,1.55
2024-05-14 11:57:31.209310,Coalition,2.50
2024-05-14 11:57:31.209310,Any Other Party,101.00
2024-05-15 11:57:31.140292,Labor,1.55
2024-05-15 11:57:31.140292,Coalition,2.50
2024-05-15 11:57:31.140292,Any Other Party,101.00
2024-05-16 11:57:30.338831,Labor,1.55
2024-05-16 11:57:30.338831,Coalition,2.50
2024-05-16 11:57:30.338831,Any Other Party,101.00
2024-05-17 11:57:23.022519,Labor,1.55
2024-05-17 11:57:23.022519,Coalition,2.50
2024-05-17 11:57:23.022519,Any Other Party,101.00
2024-05-18 11:57:23.203187,Labor,1.55
2024-05-18 11:57:23.203187,Coalition,2.50
2024-05-18 11:57:23.203187,Any Other Party,101.00
2024-05-19 11:57:21.129506,Labor,1.55
2024-05-19 11:57:21.129506,Coalition,2.50
2024-05-19 11:57:21.129506,Any Other Party,101.00
2024-05-20 11:57:22.038440,Labor,1.55
2024-05-20 11:57:22.038440,Coalition,2.50
2024-05-20 11:57:22.038440,Any Other Party,101.00
2024-05-21 11:57:24.574415,Labor,1.55
2024-05-21 11:57:24.574415,Coalition,2.50
2024-05-21 11:57:24.574415,Any Other Party,101.00
2024-05-22 11:57:30.211284,Labor,1.55
2024-05-22 11:57:30.211284,Coalition,2.50
2024-05-22 11:57:30.211284,Any Other Party,101.00
2024-05-23 11:57:14.187925,Labor,1.55
2024-05-23 11:57:14.187925,Coalition,2.50
2024-05-23 11:57:14.187925,Any Other Party,101.00
2024-05-24 11:57:20.011712,Labor,1.55
2024-05-24 11:57:20.011712,Coalition,2.50
2024-05-24 11:57:20.011712,Any Other Party,101.00
2024-05-25 11:57:15.089478,Labor,1.55
2024-05-25 11:57:15.089478,Coalition,2.50
2024-05-25 11:57:15.089478,Any Other Party,101.00
2024-05-26 11:57:14.026905,Labor,1.55
2024-05-26 11:57:14.026905,Coalition,2.50
2024-05-26 11:57:14.026905,Any Other Party,101.00
2024-05-27 11:57:18.081946,Labor,1.55
2024-05-27 11:57:18.081946,Coalition,2.50
2024-05-27 11:57:18.081946,Any Other Party,101.00
2024-05-28 11:57:19.132819,Labor,1.55
2024-05-28 11:57:19.132819,Coalition,2.50
2024-05-28 11:57:19.132819,Any Other Party,101.00
2024-05-29 11:57:19.043752,Labor,1.55
2024-05-29 11:57:19.043752,Coalition,2.50
2024-05-29 11:57:19.043752,Any Other Party,101.00
2024-05-30 11:57:26.160601,Labor,1.55
2024-05-30 11:57:26.160601,Coalition,2.50
2024-05-30 11:57:26.160601,Any Other Party,101.00
2024-05-31 11:57:23.738482,Labor,1.55
2024-05-31 11:57:23.738482,Coalition,2.50
2024-05-31 11:57:23.738482,Any Other Party,101.00
2024-06-01 11:57:21.975358,Labor,1.55
2024-06-01 11:57:21.975358,Coalition,2.50
2024-06-01 11:57:21.975358,Any Other Party,101.00
2024-06-02 11:57:21.207666,Labor,1.55
2024-06-02 11:57:21.207666,Coalition,2.50
2024-06-02 11:57:21.207666,Any Other Party,101.00
2024-06-03 11:57:16.900511,Labor,1.55
2024-06-03 11:57:16.900511,Coalition,2.50
2024-06-03 11:57:16.900511,Any Other Party,101.00
2024-06-04 11:57:27.030277,Labor,1.55
2024-06-04 11:57:27.030277,Coalition,2.50
2024-06-04 11:57:27.030277,Any Other Party,101.00
2024-06-05 11:57:23.146654,Labor,1.55
2024-06-05 11:57:23.146654,Coalition,2.50
2024-06-05 11:57:23.146654,Any Other Party,101.00
2024-06-06 11:57:18.206936,Labor,1.55
2024-06-06 11:57:18.206936,Coalition,2.50
2024-06-06 11:57:18.206936,Any Other Party,101.00
2024-06-07 11:57:16.192005,Labor,1.55
2024-06-07 11:57:16.192005,Coalition,2.50
2024-06-07 11:57:16.192005,Any Other Party,101.00
2024-06-08 11:57:17.046400,Labor,1.55
2024-06-08 11:57:17.046400,Coalition,2.50
2024-06-08 11:57:17.046400,Any Other Party,101.00
2024-06-09 11:57:13.093643,Labor,1.55
2024-06-09 11:57:13.093643,Coalition,2.50
2024-06-09 11:57:13.093643,Any Other Party,101.00
2024-06-10 11:57:15.004162,Labor,1.55
2024-06-10 11:57:15.004162,Coalition,2.50
2024-06-10 11:57:15.004162,Any Other Party,101.00
2024-06-11 11:57:16.697644,Labor,1.55
2024-06-11 11:57:16.697644,Coalition,2.50
2024-06-11 11:57:16.697644,Any Other Party,101.00
2024-06-12 11:57:21.675982,Labor,1.55
2024-06-12 11:57:21.675982,Coalition,2.50
2024-06-12 11:57:21.675982,Any Other Party,101.00
2024-06-13 11:57:27.647464,Labor,1.55
2024-06-13 11:57:27.647464,Coalition,2.50
2024-06-13 11:57:27.647464,Any Other Party,101.00
2024-06-14 11:57:23.805849,Labor,1.55
2024-06-14 11:57:23.805849,Coalition,2.50
2024-06-14 11:57:23.805849,Any Other Party,101.00
2024-06-15 11:57:16.772684,Labor,1.55
2024-06-15 11:57:16.772684,Coalition,2.50
2024-06-15 11:57:16.772684,Any Other Party,101.00
2024-06-16 11:57:16.631777,Labor,1.55
2024-06-16 11:57:16.631777,Coalition,2.50
2024-06-16 11:57:16.631777,Any Other Party,101.00
2024-06-17 11:57:15.611312,Labor,1.55
2024-06-17 11:57:15.611312,Coalition,2.50
2024-06-17 11:57:15.611312,Any Other Party,101.00
2024-06-18 11:57:20.794379,Labor,1.55
2024-06-18 11:57:20.794379,Coalition,2.50
2024-06-18 11:57:20.794379,Any Other Party,101.00
2024-06-19 11:57:26.574881,Labor,1.55
2024-06-19 11:57:26.574881,Coalition,2.50
2024-06-19 11:57:26.574881,Any Other Party,101.00
2024-06-21 11:57:26.860690,Labor,1.55
2024-06-21 11:57:26.860690,Coalition,2.50
2024-06-21 11:57:26.860690,Any Other Party,101.00
2024-06-22 11:57:21.633115,Labor,1.55
2024-06-22 11:57:21.633115,Coalition,2.50
2024-06-22 11:57:21.633115,Any Other Party,101.00
2024-06-23 11:57:23.721434,Labor,1.55
2024-06-23 11:57:23.721434,Coalition,2.50
2024-06-23 11:57:23.721434,Any Other Party,101.00
2024-06-24 11:57:17.430008,Labor,1.55
2024-06-24 11:57:17.430008,Coalition,2.50
2024-06-24 11:57:17.430008,Any Other Party,101.00
2024-06-25 11:57:27.135111,Labor,1.55
2024-06-25 11:57:27.135111,Coalition,2.50
2024-06-25 11:57:27.135111,Any Other Party,101.00
2024-06-26 11:57:24.202591,Labor,1.55
2024-06-26 11:57:24.202591,Coalition,2.50
2024-06-26 11:57:24.202591,Any Other Party,101.00
2024-06-27 11:57:24.422899,Labor,1.55
2024-06-27 11:57:24.422899,Coalition,2.50
2024-06-27 11:57:24.422899,Any Other Party,101.00
2024-06-28 11:57:18.551407,Labor,1.55
2024-06-28 11:57:18.551407,Coalition,2.50
2024-06-28 11:57:18.551407,Any Other Party,101.00
2024-06-29 11:57:15.497292,Labor,1.55
2024-06-29 11:57:15.497292,Coalition,2.50
2024-06-29 11:57:15.497292,Any Other Party,101.00
2024-06-30 11:57:17.897155,Labor,1.55
2024-06-30 11:57:17.897155,Coalition,2.50
2024-06-30 11:57:17.897155,Any Other Party,101.00
2024-07-01 11:57:14.534736,Labor,1.55
2024-07-01 11:57:14.534736,Coalition,2.50
2024-07-01 11:57:14.534736,Any Other Party,101.00
2024-07-02 11:57:18.350104,Labor,1.55
2024-07-02 11:57:18.350104,Coalition,2.50
2024-07-02 11:57:18.350104,Any Other Party,101.00
2024-07-03 11:57:19.082459,Labor,1.55
2024-07-03 11:57:19.082459,Coalition,2.50
2024-07-03 11:57:19.082459,Any Other Party,101.00
2024-07-04 11:57:17.160838,Labor,1.55
2024-07-04 11:57:17.160838,Coalition,2.50
2024-07-04 11:57:17.160838,Any Other Party,101.00
2024-07-05 11:57:16.028597,Labor,1.55
2024-07-05 11:57:16.028597,Coalition,2.50
2024-07-05 11:57:16.028597,Any Other Party,101.00
2024-07-06 11:57:16.805741,Labor,1.55
2024-07-06 11:57:16.805741,Coalition,2.50
2024-07-06 11:57:16.805741,Any Other Party,101.00
2024-07-07 11:57:18.094313,Labor,1.55
2024-07-07 11:57:18.094313,Coalition,2.50
2024-07-07 11:57:18.094313,Any Other Party,101.00
2024-07-08 17:22:50.462926,Labor,1.55
2024-07-08 17:22:50.462926,Coalition,2.50
2024-07-08 17:22:50.462926,Any Other Party,101.00
2024-07-09 11:57:20.596777,Labor,1.55
2024-07-09 11:57:20.596777,Coalition,2.50
2024-07-09 11:57:20.596777,Any Other Party,101.00
2024-07-10 11:57:13.221216,Labor,1.55
2024-07-10 11:57:13.221216,Coalition,2.50
2024-07-10 11:57:13.221216,Any Other Party,101.00
2024-07-11 11:57:19.169375,Labor,1.55
2024-07-11 11:57:19.169375,Coalition,2.50
2024-07-11 11:57:19.169375,Any Other Party,101.00
2024-07-12 11:57:20.413706,Labor,1.55
2024-07-12 11:57:20.413706,Coalition,2.50
2024-07-12 11:57:20.413706,Any Other Party,101.00
2024-07-13 11:57:21.636128,Labor,1.55
2024-07-13 11:57:21.636128,Coalition,2.50
2024-07-13 11:57:21.636128,Any Other Party,101.00
2024-07-14 11:57:18.940451,Labor,1.55
2024-07-14 11:57:18.940451,Coalition,2.50
2024-07-14 11:57:18.940451,Any Other Party,101.00
2024-07-15 11:57:17.586558,Labor,1.55
2024-07-15 11:57:17.586558,Coalition,2.50
2024-07-15 11:57:17.586558,Any Other Party,101.00
2024-07-16 11:57:21.039756,Labor,1.55
2024-07-16 11:57:21.039756,Coalition,2.50
2024-07-16 11:57:21.039756,Any Other Party,101.00
2024-07-17 11:57:21.066035,Labor,1.55
2024-07-17 11:57:21.066035,Coalition,2.50
2024-07-17 11:57:21.066035,Any Other Party,101.00
2024-07-26 19:38:25.027708,Labor,1.55
2024-07-26 19:38:25.027708,Coalition,2.50
2024-07-26 19:38:25.027708,Any Other Party,101.00
2024-07-27 18:19:21.522282,Labor,1.55
2024-07-27 18:19:21.522282,Coalition,2.50
2024-07-27 18:19:21.522282,Any Other Party,101.00

2024-07-28 20:58:26.540188,Labor,1.55
2024-07-28 20:58:26.540188,Coalition,2.50
2024-07-28 20:58:26.540188,Any Other Party,101.00
2024-07-29 11:57:19.594973,Labor,1.55
2024-07-29 11:57:19.594973,Coalition,2.50
2024-07-29 11:57:19.594973,Any Other Party,101.00
2024-07-30 11:57:12.008357,Labor,1.55
2024-07-30 11:57:12.008357,Coalition,2.50
2024-07-30 11:57:12.008357,Any Other Party,101.00
2024-07-31 11:57:12.216293,Labor,1.55
2024-07-31 11:57:12.216293,Coalition,2.50
2024-07-31 11:57:12.216293,Any Other Party,101.00
2024-08-14 11:57:26.939524,Labor,1.55
2024-08-14 11:57:26.939524,Coalition,2.50
2024-08-14 11:57:26.939524,Any Other Party,101.00
2024-08-15 11:57:29.183213,Labor,1.55
2024-08-15 11:57:29.183213,Coalition,2.50
2024-08-15 11:57:29.183213,Any Other Party,101.00
2024-08-16 11:57:24.967799,Labor,1.55
2024-08-16 11:57:24.967799,Coalition,2.50
2024-08-16 11:57:24.967799,Any Other Party,101.00
2024-08-17 11:57:19.810230,Labor,1.55
2024-08-17 11:57:19.810230,Coalition,2.50
2024-08-17 11:57:19.810230,Any Other Party,101.00
2024-08-18 11:57:10.201432,Labor,1.55
2024-08-18 11:57:10.201432,Coalition,2.50
2024-08-18 11:57:10.201432,Any Other Party,101.00
2024-08-19 11:57:09.886259,Labor,1.55
2024-08-19 11:57:09.886259,Coalition,2.50
2024-08-19 11:57:09.886259,Any Other Party,101.00

2024-08-20 11:57:12.531131,Labor,1.55
2024-08-20 11:57:12.531131,Coalition,2.50
2024-08-20 11:57:12.531131,Any Other Party,101.00
2024-08-21 11:57:14.040929,Labor,1.55
2024-08-21 11:57:14.040929,Coalition,2.50
2024-08-21 11:57:14.040929,Any Other Party,101.00
2024-08-22 11:57:16.647601,Labor,1.55
2024-08-22 11:57:16.647601,Coalition,2.50
2024-08-22 11:57:16.647601,Any Other Party,101.00
2024-08-23 11:57:10.305876,Labor,1.55
2024-08-23 11:57:10.305876,Coalition,2.50
2024-08-23 11:57:10.305876,Any Other Party,101.00
2024-08-24 11:57:11.856865,Labor,1.55
2024-08-24 11:57:11.856865,Coalition,2.50
2024-08-24 11:57:11.856865,Any Other Party,101.00
2024-08-25 11:57:11.737594,Labor,1.55
2024-08-25 11:57:11.737594,Coalition,2.50
2024-08-25 11:57:11.737594,Any Other Party,101.00
2024-08-26 11:57:11.230821,Labor,1.55
2024-08-26 11:57:11.230821,Coalition,2.50
2024-08-26 11:57:11.230821,Any Other Party,101.00
2024-08-27 11:57:19.609832,Labor,1.55
2024-08-27 11:57:19.609832,Coalition,2.50
2024-08-27 11:57:19.609832,Any Other Party,101.00
2024-08-28 11:57:16.695043,Labor,1.55
2024-08-28 11:57:16.695043,Coalition,2.50
2024-08-28 11:57:16.695043,Any Other Party,101.00
2024-08-29 11:57:21.013293,Labor,1.55
2024-08-29 11:57:21.013293,Coalition,2.50
2024-08-29 11:57:21.013293,Any Other Party,101.00
2024-08-30 11:57:16.764477,Labor,1.55
2024-08-30 11:57:16.764477,Coalition,2.50
2024-08-30 11:57:16.764477,Any Other Party,101.00
2024-08-31 11:57:13.853368,Labor,1.55
2024-08-31 11:57:13.853368,Coalition,2.50
2024-08-31 11:57:13.853368,Any Other Party,101.00
2024-09-01 11:57:14.367623,Labor,1.55
2024-09-01 11:57:14.367623,Coalition,2.50
2024-09-01 11:57:14.367623,Any Other Party,101.00
2024-09-02 11:57:14.216476,Labor,1.55
2024-09-02 11:57:14.216476,Coalition,2.50
2024-09-02 11:57:14.216476,Any Other Party,101.00
